refseq_ids,ensprot_ids,transcripts,gene_ids,uniprot_ids,ensemblgene_ids,variation_ids,c_variations
NP_542172.2,ENSP00000368496,NM_080605.4,B3GALT6,Q96L58,ENSG00000176022,M1V,A1G
NP_542172.2,ENSP00000368496,NM_080605.4,B3GALT6,Q96L58,ENSG00000176022,R256W,C766T
NP_002065.1,ENSP00000367872,NM_002074.5,GNB1,,ENSG00000078369,E130K,G388A
NP_002065.1,ENSP00000367872,NM_002074.5,GNB1,,ENSG00000078369,M101V,A301G
NP_002065.1,ENSP00000367872,NM_002074.5,GNB1,,ENSG00000078369,L95P,T284C
NP_002065.1,ENSP00000367872,NM_002074.5,GNB1,,ENSG00000078369,I80N,T239A
NP_002065.1,ENSP00000367872,NM_002074.5,GNB1,,ENSG00000078369,I80T,T239C
NP_002065.1,ENSP00000367872,NM_002074.5,GNB1,,ENSG00000078369,K78R,A233G
NP_002065.1,ENSP00000367872,NM_002074.5,GNB1,,ENSG00000078369,G77D,G230A
NP_002065.1,ENSP00000367872,NM_002074.5,GNB1,,ENSG00000078369,G77S,G229A
NP_002065.1,ENSP00000367872,NM_002074.5,GNB1,,ENSG00000078369,D76G,A227G
NP_002608.1,ENSP00000407922,NM_002617.4,PEX10,O60683,ENSG00000157911,M1T,T2C
NP_056372.1,ENSP00000262450,NM_015557.3,CHD5,Q8TDI0,ENSG00000116254,P1124L,C3371T
NP_056372.1,ENSP00000262450,NM_015557.3,CHD5,Q8TDI0,ENSG00000116254,S912F,C2735T
NP_001036146.1,ENSP00000383700,NM_001042681.2,RERE,Q9P2R6,ENSG00000142599,H1435R,A4304G
NP_001036146.1,ENSP00000383700,NM_001042681.2,RERE,Q9P2R6,ENSG00000142599,H1431Q,C4293A
NP_073624.2,ENSP00000366410,NM_022787.4,NMNAT1,,ENSG00000173614,V98G,T293G
NP_073624.2,ENSP00000366410,NM_022787.4,NMNAT1,,ENSG00000173614,E257K,G769A
NP_004949.1,ENSP00000354558,NM_004958.4,MTOR,P42345,ENSG00000198793,T1977I,C5930T
NP_004949.1,ENSP00000354558,NM_004958.4,MTOR,P42345,ENSG00000198793,E1799K,G5395A
NP_005948.3,ENSP00000365775,NM_005957.5,MTHFR,,ENSG00000177000,M338T,T1013C
NP_005948.3,ENSP00000365775,NM_005957.5,MTHFR,,ENSG00000177000,R183Q,G548A
NP_005948.3,ENSP00000365775,NM_005957.5,MTHFR,,ENSG00000177000,R157Q,G470A
NP_005948.3,ENSP00000365775,NM_005957.5,MTHFR,,ENSG00000177000,I153M,C459G
NP_005948.3,ENSP00000365775,NM_005957.5,MTHFR,,ENSG00000177000,R52Q,G155A
NP_000293.2,ENSP00000196061,NM_000302.4,PLOD1,Q02809,ENSG00000083444,G678R,G2032A
NP_055689.1,ENSP00000235329,NM_014874.4,MFN2,,ENSG00000116688,R104W,C310T
NP_055689.1,ENSP00000235329,NM_014874.4,MFN2,,ENSG00000116688,R280H,G839A
NP_055689.1,ENSP00000235329,NM_014874.4,MFN2,,ENSG00000116688,T362M,C1085T
